el_grade,module_num,student_teacher,materials,copy_num,available
2,1,Teacher,"Dot, Off to Class, The Invisible Boy, The Important Book, Teacher Manuals",1,1
2,1,Teacher,"Dot, Off to Class, The Invisible Boy, The Important Book, Teacher Manuals",2,1
2,2,Teacher,"Fossils, Paleontology, Stone Girl, Bone Girl, Curious about Fossils,, Dog that Dug for Dinosaurs, Teacher Manuals",1,1
2,2,Teacher,"Fossils, Paleontology, Stone Girl, Bone Girl, Curious about Fossils,, Dog that Dug for Dinosaurs, Teacher Manuals",2,1
2,3,Teacher,"Plant Secrets, National Geographic Readers: Seed to Plant, From Seed to Plant, What is Pollination, Teacher Manuals",1,1
2,3,Teacher,"Plant Secrets, National Geographic Readers: Seed to Plant, From Seed to Plant, What is Pollination, Teacher Manuals",2,1
2,4,Teacher,"Hey, Little Ant, Little Hummingbird, Lizard and the Sun, Ant and the Grasshopper, Place for Bats, Place for Butterflies, Teacher Manuals",1,1
2,4,Teacher,"Hey, Little Ant, Little Hummingbird, Lizard and the Sun, Ant and the Grasshopper, Place for Bats, Place for Butterflies, Teacher Manuals",2,1
2,1,Student,Dot,1,1
2,1,Student,Dot,2,1
2,1,Student,Dot,3,1
2,1,Student,Dot,4,1
2,1,Student,Dot,5,1
2,1,Student,Dot,6,1
2,1,Student,Dot,7,1
2,1,Student,Dot,8,1
2,1,Student,Dot,9,1
2,1,Student,Dot,10,1
2,1,Student,Dot,11,1
2,1,Student,Dot,12,1
2,1,Student,Dot,13,1
2,1,Student,Dot,14,1
2,1,Student,Off to Class,1,1
2,1,Student,Off to Class,2,1
2,1,Student,Off to Class,3,1
2,1,Student,Off to Class,4,1
2,1,Student,Off to Class,5,1
2,1,Student,Off to Class,6,1
2,1,Student,Off to Class,7,1
2,1,Student,Off to Class,8,1
2,1,Student,Off to Class,9,1
2,1,Student,Off to Class,10,1
2,1,Student,The Invisible Boy,1,1
2,1,Student,The Invisible Boy,2,1
2,1,Student,The Invisible Boy,3,1
2,1,Student,The Invisible Boy,4,1
2,1,Student,The Invisible Boy,5,1
2,1,Student,The Invisible Boy,6,1
2,1,Student,The Invisible Boy,7,1
2,1,Student,The Invisible Boy,8,1
2,1,Student,The Invisible Boy,9,1
2,1,Student,The Invisible Boy,10,1
2,2,Student,The Dog That Dug For Dinos,1,1
2,2,Student,The Dog That Dug For Dinos,2,1
2,2,Student,The Dog That Dug For Dinos,3,1
2,2,Student,The Dog That Dug For Dinos,4,1
2,2,Student,The Dog That Dug For Dinos,5,1
2,2,Student,The Dog That Dug For Dinos,6,1
2,2,Student,The Dog That Dug For Dinos,7,1
2,2,Student,The Dog That Dug For Dinos,8,1
2,2,Student,The Dog That Dug For Dinos,9,1
2,2,Student,The Dog That Dug For Dinos,10,1
2,2,Student,The Dog That Dug For Dinos,11,1
2,2,Student,The Dog That Dug For Dinos,12,1
2,2,Student,The Dog That Dug For Dinos,13,1
2,2,Student,The Dog That Dug For Dinos,14,1
2,2,Student,The Dog That Dug For Dinos,15,1
2,2,Student,The Dog That Dug For Dinos,16,1
2,2,Student,The Dog That Dug For Dinos,17,1
2,2,Student,The Dog That Dug For Dinos,18,1
2,2,Student,The Dog That Dug For Dinos,19,1
2,2,Student,The Dog That Dug For Dinos,20,1
2,2,Student,The Dog That Dug For Dinos,21,1
2,2,Student,The Dog That Dug For Dinos,22,1
2,2,Student,The Dog That Dug For Dinos,23,1
2,2,Student,The Dog That Dug For Dinos,24,1
2,2,Student,The Dog That Dug For Dinos,25,1
2,2,Student,The Dog That Dug For Dinos,26,1
2,2,Student,The Dog That Dug For Dinos,27,1
2,2,Student,The Dog That Dug For Dinos,28,1
2,2,Student,The Dog That Dug For Dinos,29,1
2,2,Student,The Dog That Dug For Dinos,30,1
2,2,Student,The Dog That Dug For Dinos,31,1
2,2,Student,The Dog That Dug For Dinos,32,1
2,2,Student,The Dog That Dug For Dinos,33,1
2,2,Student,The Dog That Dug For Dinos,34,1
2,2,Student,The Dog That Dug For Dinos,35,1
2,2,Student,The Dog That Dug For Dinos,36,1
2,2,Student,Stone Girl Bone Girl,1,1
2,2,Student,Stone Girl Bone Girl,2,1
2,2,Student,Stone Girl Bone Girl,3,1
2,2,Student,Stone Girl Bone Girl,4,1
2,2,Student,Stone Girl Bone Girl,5,1
2,2,Student,Stone Girl Bone Girl,6,1
2,2,Student,Stone Girl Bone Girl,7,1
2,2,Student,Stone Girl Bone Girl,8,1
2,2,Student,Stone Girl Bone Girl,9,1
2,2,Student,Stone Girl Bone Girl,10,1
2,2,Student,Stone Girl Bone Girl,11,1
2,2,Student,Stone Girl Bone Girl,12,1
2,2,Student,Stone Girl Bone Girl,13,1
2,2,Student,Stone Girl Bone Girl,14,1
2,2,Student,Stone Girl Bone Girl,15,1
2,2,Student,Stone Girl Bone Girl,16,1
2,2,Student,Stone Girl Bone Girl,17,1
2,2,Student,Stone Girl Bone Girl,18,1
2,2,Student,Stone Girl Bone Girl,19,1
2,2,Student,Stone Girl Bone Girl,20,1
2,2,Student,Stone Girl Bone Girl,21,1
2,2,Student,Stone Girl Bone Girl,22,1
2,2,Student,Stone Girl Bone Girl,23,1
2,2,Student,Stone Girl Bone Girl,24,1
2,2,Student,Stone Girl Bone Girl,25,1
2,2,Student,Stone Girl Bone Girl,26,1
2,2,Student,Stone Girl Bone Girl,27,1
2,2,Student,Stone Girl Bone Girl,28,1
2,2,Student,Stone Girl Bone Girl,29,1
2,2,Student,Stone Girl Bone Girl,30,1
2,2,Student,Stone Girl Bone Girl,31,1
2,2,Student,Stone Girl Bone Girl,32,1
2,2,Student,Stone Girl Bone Girl,33,1
2,2,Student,Stone Girl Bone Girl,34,1
2,2,Student,Stone Girl Bone Girl,35,1
2,2,Student,Stone Girl Bone Girl,36,1
2,3,Student,National Geographic Readers: Seed to Plant,1,1
2,3,Student,National Geographic Readers: Seed to Plant,2,1
2,3,Student,National Geographic Readers: Seed to Plant,3,1
2,3,Student,National Geographic Readers: Seed to Plant,4,1
2,3,Student,National Geographic Readers: Seed to Plant,5,1
2,3,Student,National Geographic Readers: Seed to Plant,6,1
2,3,Student,National Geographic Readers: Seed to Plant,7,1
2,3,Student,National Geographic Readers: Seed to Plant,8,1
2,3,Student,National Geographic Readers: Seed to Plant,9,1
2,3,Student,National Geographic Readers: Seed to Plant,10,1
2,3,Student,National Geographic Readers: Seed to Plant,11,1
2,3,Student,National Geographic Readers: Seed to Plant,12,1
2,3,Student,National Geographic Readers: Seed to Plant,13,1
2,3,Student,National Geographic Readers: Seed to Plant,14,1
2,3,Student,National Geographic Readers: Seed to Plant,15,1
2,3,Student,National Geographic Readers: Seed to Plant,16,1
2,3,Student,National Geographic Readers: Seed to Plant,17,1
2,3,Student,National Geographic Readers: Seed to Plant,18,1
2,3,Student,National Geographic Readers: Seed to Plant,19,1
2,3,Student,National Geographic Readers: Seed to Plant,20,1
2,3,Student,National Geographic Readers: Seed to Plant,21,1
2,3,Student,National Geographic Readers: Seed to Plant,22,1
2,3,Student,National Geographic Readers: Seed to Plant,23,1
2,3,Student,National Geographic Readers: Seed to Plant,24,1
2,3,Student,National Geographic Readers: Seed to Plant,25,1
2,3,Student,National Geographic Readers: Seed to Plant,26,1
2,3,Student,National Geographic Readers: Seed to Plant,27,1
2,3,Student,National Geographic Readers: Seed to Plant,28,1
2,3,Student,National Geographic Readers: Seed to Plant,29,1
2,3,Student,National Geographic Readers: Seed to Plant,30,1
2,3,Student,National Geographic Readers: Seed to Plant,31,1
2,3,Student,National Geographic Readers: Seed to Plant,32,1
2,3,Student,National Geographic Readers: Seed to Plant,33,1
2,3,Student,National Geographic Readers: Seed to Plant,34,1
2,3,Student,National Geographic Readers: Seed to Plant,35,1
2,3,Student,National Geographic Readers: Seed to Plant,36,1
2,3,Student,National Geographic Readers: Seed to Plant,37,1
2,3,Student,National Geographic Readers: Seed to Plant,38,1
2,3,Student,National Geographic Readers: Seed to Plant,39,1
2,3,Student,National Geographic Readers: Seed to Plant,40,1
2,3,Student,National Geographic Readers: Seed to Plant,41,1
2,3,Student,National Geographic Readers: Seed to Plant,42,1
2,3,Student,National Geographic Readers: Seed to Plant,43,1
2,3,Student,National Geographic Readers: Seed to Plant,44,1
2,3,Student,National Geographic Readers: Seed to Plant,45,1
2,3,Student,National Geographic Readers: Seed to Plant,46,1
2,3,Student,National Geographic Readers: Seed to Plant,47,1
2,3,Student,National Geographic Readers: Seed to Plant,48,1
2,3,Student,National Geographic Readers: Seed to Plant,49,1
2,3,Student,National Geographic Readers: Seed to Plant,50,1
2,3,Student,National Geographic Readers: Seed to Plant,51,1
2,3,Student,National Geographic Readers: Seed to Plant,52,1
2,3,Student,National Geographic Readers: Seed to Plant,53,1
2,3,Student,National Geographic Readers: Seed to Plant,54,1
2,3,Student,National Geographic Readers: Seed to Plant,55,1
2,3,Student,National Geographic Readers: Seed to Plant,56,1
2,3,Student,National Geographic Readers: Seed to Plant,57,1
2,3,Student,National Geographic Readers: Seed to Plant,58,1
2,3,Student,National Geographic Readers: Seed to Plant,59,1
2,3,Student,National Geographic Readers: Seed to Plant,60,1
2,3,Student,National Geographic Readers: Seed to Plant,61,1
2,3,Student,National Geographic Readers: Seed to Plant,62,1
2,3,Student,National Geographic Readers: Seed to Plant,63,1
2,3,Student,National Geographic Readers: Seed to Plant,64,1
2,3,Student,National Geographic Readers: Seed to Plant,65,1
2,3,Student,National Geographic Readers: Seed to Plant,66,1
2,3,Student,National Geographic Readers: Seed to Plant,67,1
2,3,Student,National Geographic Readers: Seed to Plant,68,1
2,3,Student,National Geographic Readers: Seed to Plant,69,1
2,3,Student,National Geographic Readers: Seed to Plant,70,1
2,3,Student,From Seed to Plant,1,1
2,3,Student,From Seed to Plant,2,1
2,3,Student,From Seed to Plant,3,1
2,3,Student,From Seed to Plant,4,1
2,3,Student,From Seed to Plant,5,1
2,3,Student,From Seed to Plant,6,1
2,3,Student,From Seed to Plant,7,1
2,3,Student,From Seed to Plant,8,1
2,3,Student,From Seed to Plant,9,1
2,3,Student,From Seed to Plant,10,1
2,3,Student,From Seed to Plant,11,1
2,3,Student,From Seed to Plant,12,1
2,3,Student,From Seed to Plant,13,1
2,3,Student,From Seed to Plant,14,1
2,3,Student,From Seed to Plant,15,1
2,3,Student,From Seed to Plant,16,1
2,3,Student,From Seed to Plant,17,1
2,3,Student,From Seed to Plant,18,1
2,3,Student,From Seed to Plant,19,1
2,3,Student,From Seed to Plant,20,1
2,3,Student,From Seed to Plant,21,1
2,3,Student,From Seed to Plant,22,1
2,3,Student,From Seed to Plant,23,1
2,3,Student,From Seed to Plant,24,1
2,3,Student,From Seed to Plant,25,1
2,3,Student,From Seed to Plant,26,1
2,3,Student,From Seed to Plant,27,1
2,3,Student,From Seed to Plant,28,1
2,3,Student,From Seed to Plant,29,1
2,3,Student,From Seed to Plant,30,1
2,3,Student,From Seed to Plant,31,1
2,3,Student,From Seed to Plant,32,1
2,3,Student,From Seed to Plant,33,1
2,3,Student,From Seed to Plant,34,1
2,3,Student,From Seed to Plant,35,1
2,3,Student,From Seed to Plant,36,1
2,3,Student,From Seed to Plant,37,1
2,3,Student,From Seed to Plant,38,1
2,3,Student,From Seed to Plant,39,1
2,3,Student,From Seed to Plant,40,1
2,3,Student,From Seed to Plant,41,1
2,3,Student,From Seed to Plant,42,1
2,3,Student,What is Pollination?,1,1
2,3,Student,What is Pollination?,2,1
2,3,Student,What is Pollination?,3,1
2,3,Student,What is Pollination?,4,1
2,3,Student,What is Pollination?,5,1
2,3,Student,What is Pollination?,6,1
2,3,Student,What is Pollination?,7,1
2,3,Student,What is Pollination?,8,1
2,3,Student,What is Pollination?,9,1
2,3,Student,What is Pollination?,10,1
2,3,Student,What is Pollination?,11,1
2,3,Student,What is Pollination?,12,1
2,3,Student,What is Pollination?,13,1
2,3,Student,What is Pollination?,14,1
2,3,Student,What is Pollination?,15,1
2,3,Student,What is Pollination?,16,1
2,3,Student,What is Pollination?,17,1
2,3,Student,What is Pollination?,18,1
2,3,Student,What is Pollination?,19,1
2,3,Student,What is Pollination?,20,1
2,3,Student,What is Pollination?,21,1
2,3,Student,What is Pollination?,22,1
2,3,Student,What is Pollination?,23,1
2,3,Student,What is Pollination?,24,1
2,3,Student,What is Pollination?,25,1
2,3,Student,What is Pollination?,26,1
2,3,Student,What is Pollination?,27,1
2,3,Student,What is Pollination?,28,1
2,3,Student,What is Pollination?,29,1
2,3,Student,What is Pollination?,30,1
2,3,Student,What is Pollination?,31,1
2,3,Student,What is Pollination?,32,1
2,3,Student,What is Pollination?,33,1
2,3,Student,What is Pollination?,34,1
2,3,Student,What is Pollination?,35,1
2,3,Student,What is Pollination?,36,1
2,3,Student,What is Pollination?,37,1
2,3,Student,What is Pollination?,38,1
2,3,Student,What is Pollination?,39,1
2,3,Student,What is Pollination?,40,1
2,3,Student,What is Pollination?,41,1
2,3,Student,What is Pollination?,42,1
2,4,Student,"Hey, Little Ant",1,1
2,4,Student,"Hey, Little Ant",2,1
2,4,Student,"Hey, Little Ant",3,1
2,4,Student,"Hey, Little Ant",4,1
2,4,Student,"Hey, Little Ant",5,1
2,4,Student,"Hey, Little Ant",6,1
2,4,Student,"Hey, Little Ant",7,1
2,4,Student,"Hey, Little Ant",8,1
2,4,Student,"Hey, Little Ant",9,1
2,4,Student,"Hey, Little Ant",10,1
2,4,Student,"Hey, Little Ant",11,1
2,4,Student,"Hey, Little Ant",12,1
2,4,Student,"Hey, Little Ant",13,1
2,4,Student,"Hey, Little Ant",14,1
2,4,Student,Ant and the Grasshopper,1,1
2,4,Student,Ant and the Grasshopper,2,1
2,4,Student,Ant and the Grasshopper,3,1
2,4,Student,Ant and the Grasshopper,4,1
2,4,Student,Ant and the Grasshopper,5,1
2,4,Student,Ant and the Grasshopper,6,1
2,4,Student,Ant and the Grasshopper,7,1
2,4,Student,Ant and the Grasshopper,8,1
2,4,Student,Ant and the Grasshopper,9,1
2,4,Student,Ant and the Grasshopper,10,1
2,4,Student,Ant and the Grasshopper,11,1
2,4,Student,Ant and the Grasshopper,12,1
2,4,Student,Ant and the Grasshopper,13,1
2,4,Student,Ant and the Grasshopper,14,1
2,4,Student,Ant and the Grasshopper,15,1
2,4,Student,Ant and the Grasshopper,16,1
2,4,Student,Ant and the Grasshopper,17,1
2,4,Student,Ant and the Grasshopper,18,1
2,4,Student,Ant and the Grasshopper,19,1
2,4,Student,Ant and the Grasshopper,20,1
2,4,Student,Ant and the Grasshopper,21,1
2,4,Student,Ant and the Grasshopper,22,1
2,4,Student,Ant and the Grasshopper,23,1
2,4,Student,Ant and the Grasshopper,24,1
2,4,Student,Ant and the Grasshopper,25,1
2,4,Student,Ant and the Grasshopper,26,1
2,4,Student,Ant and the Grasshopper,27,1
2,4,Student,Ant and the Grasshopper,28,1
2,4,Student,Ant and the Grasshopper,29,1
2,4,Student,Ant and the Grasshopper,30,1
2,4,Student,Ant and the Grasshopper,31,1
2,4,Student,Ant and the Grasshopper,32,1
2,4,Student,Ant and the Grasshopper,33,1
2,4,Student,Ant and the Grasshopper,34,1
2,4,Student,Ant and the Grasshopper,35,1
2,4,Student,Ant and the Grasshopper,36,1
2,4,Student,Ant and the Grasshopper,37,1
2,4,Student,Ant and the Grasshopper,38,1
2,4,Student,Ant and the Grasshopper,39,1
2,4,Student,Ant and the Grasshopper,40,1
2,4,Student,Ant and the Grasshopper,41,1
2,4,Student,Ant and the Grasshopper,42,1
2,4,Student,Ant and the Grasshopper,43,1
2,4,Student,Ant and the Grasshopper,44,1
2,4,Student,Ant and the Grasshopper,45,1
2,4,Student,Ant and the Grasshopper,46,1
2,4,Student,Ant and the Grasshopper,47,1
2,4,Student,Ant and the Grasshopper,48,1
2,4,Student,Ant and the Grasshopper,49,1
2,4,Student,Ant and the Grasshopper,50,1
2,4,Student,Ant and the Grasshopper,51,1
2,4,Student,Ant and the Grasshopper,52,1
2,4,Student,Ant and the Grasshopper,53,1
2,4,Student,Ant and the Grasshopper,54,1
2,4,Student,Ant and the Grasshopper,55,1
2,4,Student,Ant and the Grasshopper,56,1
2,4,Student,Ant and the Grasshopper,57,1
2,4,Student,Ant and the Grasshopper,58,1
2,4,Student,Ant and the Grasshopper,59,1
2,4,Student,Ant and the Grasshopper,60,1
2,4,Student,Ant and the Grasshopper,61,1
2,4,Student,Ant and the Grasshopper,62,1
2,4,Student,Ant and the Grasshopper,63,1
2,4,Student,Ant and the Grasshopper,64,1
2,4,Student,Ant and the Grasshopper,65,1
2,4,Student,Ant and the Grasshopper,66,1
2,4,Student,Ant and the Grasshopper,67,1
2,4,Student,Ant and the Grasshopper,68,1
2,4,Student,Ant and the Grasshopper,69,1
2,4,Student,Ant and the Grasshopper,70,1
2,4,Student,"Place for Bats, Revised Edition",1,1
2,4,Student,"Place for Bats, Revised Edition",2,1
2,4,Student,"Place for Bats, Revised Edition",3,1
2,4,Student,"Place for Bats, Revised Edition",4,1
2,4,Student,"Place for Bats, Revised Edition",5,1
2,4,Student,"Place for Bats, Revised Edition",6,1
2,4,Student,"Place for Bats, Revised Edition",7,1
2,4,Student,"Place for Bats, Revised Edition",8,1
2,4,Student,"Place for Bats, Revised Edition",9,1
2,4,Student,"Place for Bats, Revised Edition",10,1
2,4,Student,"Place for Bats, Revised Edition",11,1
2,4,Student,"Place for Bats, Revised Edition",12,1
2,4,Student,"Place for Bats, Revised Edition",13,1
2,4,Student,"Place for Bats, Revised Edition",14,1
2,4,Student,"Place for Bats, Revised Edition",15,1
2,4,Student,"Place for Bats, Revised Edition",16,1
2,4,Student,"Place for Bats, Revised Edition",17,1
2,4,Student,"Place for Bats, Revised Edition",18,1
2,4,Student,"Place for Bats, Revised Edition",19,1
2,4,Student,"Place for Bats, Revised Edition",20,1
2,4,Student,"Place for Bats, Revised Edition",21,1
2,4,Student,"Place for Bats, Revised Edition",22,1
2,4,Student,"Place for Bats, Revised Edition",23,1
2,4,Student,"Place for Bats, Revised Edition",24,1
2,4,Student,"Place for Bats, Revised Edition",25,1
2,4,Student,"Place for Bats, Revised Edition",26,1
2,4,Student,"Place for Bats, Revised Edition",27,1
2,4,Student,"Place for Bats, Revised Edition",28,1
2,4,Student,"Place for Bats, Revised Edition",29,1
2,4,Student,"Place for Bats, Revised Edition",30,1
2,4,Student,"Place for Bats, Revised Edition",31,1
2,4,Student,"Place for Bats, Revised Edition",32,1
2,4,Student,"Place for Bats, Revised Edition",33,1
2,4,Student,"Place for Bats, Revised Edition",34,1
2,4,Student,"Place for Bats, Revised Edition",35,1
2,4,Student,"Place for Bats, Revised Edition",36,1
2,4,Student,"Place for Bats, Revised Edition",37,1
2,4,Student,"Place for Bats, Revised Edition",38,1
2,4,Student,"Place for Bats, Revised Edition",39,1
2,4,Student,"Place for Bats, Revised Edition",40,1
2,4,Student,"Place for Bats, Revised Edition",41,1
2,4,Student,"Places for Butterfiles, Revised Edition",1,1
2,4,Student,"Places for Butterfiles, Revised Edition",2,1
2,4,Student,"Places for Butterfiles, Revised Edition",3,1
2,4,Student,"Places for Butterfiles, Revised Edition",4,1
2,4,Student,"Places for Butterfiles, Revised Edition",5,1
2,4,Student,"Places for Butterfiles, Revised Edition",6,1
2,4,Student,"Places for Butterfiles, Revised Edition",7,1
2,4,Student,"Places for Butterfiles, Revised Edition",8,1
2,4,Student,"Places for Butterfiles, Revised Edition",9,1
2,4,Student,"Places for Butterfiles, Revised Edition",10,1
2,4,Student,"Places for Butterfiles, Revised Edition",11,1
2,4,Student,"Places for Butterfiles, Revised Edition",12,1
2,4,Student,"Places for Butterfiles, Revised Edition",13,1
2,4,Student,"Places for Butterfiles, Revised Edition",14,1
2,4,Student,"Places for Butterfiles, Revised Edition",15,1
2,4,Student,"Places for Butterfiles, Revised Edition",16,1
2,4,Student,"Places for Butterfiles, Revised Edition",17,1
2,4,Student,"Places for Butterfiles, Revised Edition",18,1
2,4,Student,"Places for Butterfiles, Revised Edition",19,1
2,4,Student,"Places for Butterfiles, Revised Edition",20,1
2,4,Student,"Places for Butterfiles, Revised Edition",21,1
2,4,Student,"Places for Butterfiles, Revised Edition",22,1
2,4,Student,"Places for Butterfiles, Revised Edition",23,1
2,4,Student,"Places for Butterfiles, Revised Edition",24,1
2,4,Student,"Places for Butterfiles, Revised Edition",25,1
2,4,Student,"Places for Butterfiles, Revised Edition",26,1
2,4,Student,"Places for Butterfiles, Revised Edition",27,1
2,4,Student,"Places for Butterfiles, Revised Edition",28,1
2,4,Student,"Places for Butterfiles, Revised Edition",29,1
2,4,Student,"Places for Butterfiles, Revised Edition",30,1
2,4,Student,"Places for Butterfiles, Revised Edition",31,1
2,4,Student,"Places for Butterfiles, Revised Edition",32,1
2,4,Student,"Places for Butterfiles, Revised Edition",33,1
2,4,Student,"Places for Butterfiles, Revised Edition",34,1
2,4,Student,"Places for Butterfiles, Revised Edition",35,1
2,4,Student,"Places for Butterfiles, Revised Edition",36,1
2,4,Student,"Places for Butterfiles, Revised Edition",37,1
2,4,Student,"Places for Butterfiles, Revised Edition",38,1
2,4,Student,"Places for Butterfiles, Revised Edition",39,1
2,4,Student,"Places for Butterfiles, Revised Edition",40,1
2,4,Student,"Places for Butterfiles, Revised Edition",41,1
2,4,Student,"Places for Butterfiles, Revised Edition",42,1
2,4,Student,"Places for Butterfiles, Revised Edition",43,1
2,4,Student,"Places for Butterfiles, Revised Edition",44,1
2,4,Student,"Places for Butterfiles, Revised Edition",45,1
2,4,Student,"Places for Butterfiles, Revised Edition",46,1
2,4,Student,"Places for Butterfiles, Revised Edition",47,1
2,4,Student,"Places for Butterfiles, Revised Edition",48,1
2,4,Student,"Places for Butterfiles, Revised Edition",49,1
2,4,Student,"Places for Butterfiles, Revised Edition",50,1
2,4,Student,"Places for Butterfiles, Revised Edition",51,1
2,4,Student,"Places for Butterfiles, Revised Edition",52,1
2,4,Student,"Places for Butterfiles, Revised Edition",53,1
2,4,Student,"Places for Butterfiles, Revised Edition",54,1
2,4,Student,"Places for Butterfiles, Revised Edition",55,1
2,4,Student,"Places for Butterfiles, Revised Edition",56,1
2,4,Student,"Places for Butterfiles, Revised Edition",57,1
2,4,Student,"Places for Butterfiles, Revised Edition",58,1
2,4,Student,"Places for Butterfiles, Revised Edition",59,1
2,4,Student,"Places for Butterfiles, Revised Edition",60,1
2,4,Student,"Places for Butterfiles, Revised Edition",61,1
2,4,Student,"Places for Butterfiles, Revised Edition",62,1
2,4,Student,"Places for Butterfiles, Revised Edition",63,1
2,4,Student,"Places for Butterfiles, Revised Edition",64,1
2,4,Student,"Places for Butterfiles, Revised Edition",65,1
2,4,Student,"Places for Butterfiles, Revised Edition",66,1
2,4,Student,"Places for Butterfiles, Revised Edition",67,1
2,4,Student,"Places for Butterfiles, Revised Edition",68,1
2,4,Student,"Places for Butterfiles, Revised Edition",69,1
2,4,Student,"Places for Butterfiles, Revised Edition",70,1
3,1,Teacher,"Nasreen's Secret School, Rain School, More than Anything Else, My Librarian is a Camel, Waiting for the Biblioburro, Thank You Mr. Faulkner",1,0
3,1,Teacher,"Nasreen's Secret School, Rain School, More than Anything Else, My Librarian is a Camel, Waiting for the Biblioburro, Thank You Mr. Faulkner",2,0
3,1,Teacher,"Nasreen's Secret School, Rain School, More than Anything Else, My Librarian is a Camel, Waiting for the Biblioburro, Thank You Mr. Faulkner",3,0
3,2,Teacher,"Lizards, Frods, and Polliwogs, Bullfrogs at Magnolia Circle, Everything you need to knwo about Frogs and Other Slippery Creatures",1,1
3,2,Teacher,"Lizards, Frods, and Polliwogs, Bullfrogs at Magnolia Circle, Everything you need to knwo about Frogs and Other Slippery Creatures",2,1
3,2,Teacher,"Lizards, Frods, and Polliwogs, Bullfrogs at Magnolia Circle, Everything you need to knwo about Frogs and Other Slippery Creatures",3,1
3,3,Teacher,Peter Pan,1,1
3,3,Teacher,Peter Pan,2,1
3,3,Teacher,Peter Pan,3,1
3,4,Teacher,"One Well, Water Dance, The Boy Who Harnessed the Wind",1,1
3,4,Teacher,"One Well, Water Dance, The Boy Who Harnessed the Wind",2,1
3,4,Teacher,"One Well, Water Dance, The Boy Who Harnessed the Wind",3,1
3,1,Student,Nasreen's Secret School: A True Story from Afghanistan,1,1
3,1,Student,Nasreen's Secret School: A True Story from Afghanistan,2,1
3,1,Student,Nasreen's Secret School: A True Story from Afghanistan,3,1
3,1,Student,Nasreen's Secret School: A True Story from Afghanistan,4,1
3,1,Student,Nasreen's Secret School: A True Story from Afghanistan,5,1
3,1,Student,Nasreen's Secret School: A True Story from Afghanistan,6,1
3,1,Student,Nasreen's Secret School: A True Story from Afghanistan,7,1
3,1,Student,Nasreen's Secret School: A True Story from Afghanistan,8,1
3,1,Student,Nasreen's Secret School: A True Story from Afghanistan,9,1
3,1,Student,Nasreen's Secret School: A True Story from Afghanistan,10,1
3,1,Student,Nasreen's Secret School: A True Story from Afghanistan,11,1
3,1,Student,Nasreen's Secret School: A True Story from Afghanistan,12,1
3,1,Student,Nasreen's Secret School: A True Story from Afghanistan,13,1
3,1,Student,Nasreen's Secret School: A True Story from Afghanistan,14,1
3,1,Student,Nasreen's Secret School: A True Story from Afghanistan,15,1
3,1,Student,Nasreen's Secret School: A True Story from Afghanistan,16,1
3,1,Student,Nasreen's Secret School: A True Story from Afghanistan,17,1
3,1,Student,Nasreen's Secret School: A True Story from Afghanistan,18,1
3,1,Student,Nasreen's Secret School: A True Story from Afghanistan,19,1
3,1,Student,Nasreen's Secret School: A True Story from Afghanistan,20,1
3,1,Student,Nasreen's Secret School: A True Story from Afghanistan,21,1
3,1,Student,Nasreen's Secret School: A True Story from Afghanistan,22,1
3,1,Student,Nasreen's Secret School: A True Story from Afghanistan,23,1
3,1,Student,Nasreen's Secret School: A True Story from Afghanistan,24,1
3,1,Student,Nasreen's Secret School: A True Story from Afghanistan,25,1
3,1,Student,Nasreen's Secret School: A True Story from Afghanistan,26,1
3,1,Student,Nasreen's Secret School: A True Story from Afghanistan,27,1
3,1,Student,Nasreen's Secret School: A True Story from Afghanistan,28,1
3,1,Student,Nasreen's Secret School: A True Story from Afghanistan,29,1
3,1,Student,Nasreen's Secret School: A True Story from Afghanistan,30,1
3,1,Student,Nasreen's Secret School: A True Story from Afghanistan,31,1
3,1,Student,Nasreen's Secret School: A True Story from Afghanistan,32,1
3,1,Student,Nasreen's Secret School: A True Story from Afghanistan,33,1
3,1,Student,Nasreen's Secret School: A True Story from Afghanistan,34,1
3,1,Student,Nasreen's Secret School: A True Story from Afghanistan,35,1
3,1,Student,Nasreen's Secret School: A True Story from Afghanistan,36,1
3,1,Student,Nasreen's Secret School: A True Story from Afghanistan,37,1
3,1,Student,Nasreen's Secret School: A True Story from Afghanistan,38,1
3,1,Student,Nasreen's Secret School: A True Story from Afghanistan,39,1
3,1,Student,Nasreen's Secret School: A True Story from Afghanistan,40,1
3,1,Student,Nasreen's Secret School: A True Story from Afghanistan,41,1
3,1,Student,Nasreen's Secret School: A True Story from Afghanistan,42,1
3,1,Student,Nasreen's Secret School: A True Story from Afghanistan,43,1
3,1,Student,Nasreen's Secret School: A True Story from Afghanistan,44,1
3,1,Student,Nasreen's Secret School: A True Story from Afghanistan,45,1
3,1,Student,Rain School,1,1
3,1,Student,Rain School,2,1
3,1,Student,Rain School,3,1
3,1,Student,Rain School,4,1
3,1,Student,Rain School,5,1
3,1,Student,Rain School,6,1
3,1,Student,Rain School,7,1
3,1,Student,Rain School,8,1
3,1,Student,Rain School,9,1
3,1,Student,Rain School,10,1
3,1,Student,Rain School,11,1
3,1,Student,Rain School,12,1
3,1,Student,Rain School,13,1
3,1,Student,Rain School,14,1
3,1,Student,Rain School,15,1
3,1,Student,Rain School,16,1
3,1,Student,Rain School,17,1
3,1,Student,Rain School,18,1
3,1,Student,Rain School,19,1
3,1,Student,Rain School,20,1
3,1,Student,Rain School,21,1
3,1,Student,Rain School,22,1
3,1,Student,Rain School,23,1
3,1,Student,Rain School,24,1
3,1,Student,Rain School,25,1
3,1,Student,Rain School,26,1
3,1,Student,Rain School,27,1
3,1,Student,Rain School,28,1
3,1,Student,Rain School,29,1
3,1,Student,Rain School,30,1
3,1,Student,Rain School,31,1
3,1,Student,Rain School,32,1
3,1,Student,Rain School,33,1
3,1,Student,Rain School,34,1
3,1,Student,Rain School,35,1
3,1,Student,Rain School,36,1
3,1,Student,Rain School,37,1
3,1,Student,Rain School,38,1
3,1,Student,Rain School,39,1
3,1,Student,Rain School,40,1
3,1,Student,Rain School,41,1
3,1,Student,Rain School,42,1
3,1,Student,Rain School,43,1
3,1,Student,Rain School,44,1
3,1,Student,Rain School,45,1
3,2,Student,Everything you need to know about Frogs and Other Slippery Creatures,1,1
3,2,Student,Everything you need to know about Frogs and Other Slippery Creatures,2,1
3,2,Student,Everything you need to know about Frogs and Other Slippery Creatures,3,1
3,2,Student,Everything you need to know about Frogs and Other Slippery Creatures,4,1
3,2,Student,Everything you need to know about Frogs and Other Slippery Creatures,5,1
3,2,Student,Everything you need to know about Frogs and Other Slippery Creatures,6,1
3,2,Student,Everything you need to know about Frogs and Other Slippery Creatures,7,1
3,2,Student,Everything you need to know about Frogs and Other Slippery Creatures,8,1
3,2,Student,Everything you need to know about Frogs and Other Slippery Creatures,9,1
3,2,Student,Everything you need to know about Frogs and Other Slippery Creatures,10,1
3,2,Student,Everything you need to know about Frogs and Other Slippery Creatures,11,1
3,2,Student,Everything you need to know about Frogs and Other Slippery Creatures,12,1
3,2,Student,Everything you need to know about Frogs and Other Slippery Creatures,13,1
3,2,Student,Everything you need to know about Frogs and Other Slippery Creatures,14,1
3,2,Student,Everything you need to know about Frogs and Other Slippery Creatures,15,1
3,2,Student,Everything you need to know about Frogs and Other Slippery Creatures,16,1
3,2,Student,Everything you need to know about Frogs and Other Slippery Creatures,17,1
3,2,Student,Everything you need to know about Frogs and Other Slippery Creatures,18,1
3,2,Student,Everything you need to know about Frogs and Other Slippery Creatures,19,1
3,2,Student,Everything you need to know about Frogs and Other Slippery Creatures,20,1
3,2,Student,Everything you need to know about Frogs and Other Slippery Creatures,21,1
3,2,Student,Everything you need to know about Frogs and Other Slippery Creatures,22,1
3,2,Student,Everything you need to know about Frogs and Other Slippery Creatures,23,1
3,2,Student,Everything you need to know about Frogs and Other Slippery Creatures,24,1
3,2,Student,Everything you need to know about Frogs and Other Slippery Creatures,25,1
3,2,Student,Everything you need to know about Frogs and Other Slippery Creatures,26,1
3,2,Student,Everything you need to know about Frogs and Other Slippery Creatures,27,1
3,2,Student,Everything you need to know about Frogs and Other Slippery Creatures,28,1
3,2,Student,Everything you need to know about Frogs and Other Slippery Creatures,29,1
3,2,Student,Everything you need to know about Frogs and Other Slippery Creatures,30,1
3,2,Student,Everything you need to know about Frogs and Other Slippery Creatures,31,1
3,2,Student,Everything you need to know about Frogs and Other Slippery Creatures,32,1
3,2,Student,Everything you need to know about Frogs and Other Slippery Creatures,33,1
3,2,Student,Everything you need to know about Frogs and Other Slippery Creatures,34,1
3,2,Student,Everything you need to know about Frogs and Other Slippery Creatures,35,1
3,2,Student,Everything you need to know about Frogs and Other Slippery Creatures,36,1
3,2,Student,Everything you need to know about Frogs and Other Slippery Creatures,37,1
3,2,Student,Everything you need to know about Frogs and Other Slippery Creatures,38,1
3,2,Student,Everything you need to know about Frogs and Other Slippery Creatures,39,1
3,2,Student,Everything you need to know about Frogs and Other Slippery Creatures,40,1
3,2,Student,Everything you need to know about Frogs and Other Slippery Creatures,41,1
3,2,Student,Everything you need to know about Frogs and Other Slippery Creatures,42,1
3,2,Student,Everything you need to know about Frogs and Other Slippery Creatures,43,1
3,2,Student,Everything you need to know about Frogs and Other Slippery Creatures,44,1
3,2,Student,Everything you need to know about Frogs and Other Slippery Creatures,45,1
3,2,Student,Bullfrog at Magnolia Circle: Student,1,1
3,2,Student,Bullfrog at Magnolia Circle: Student,2,1
3,2,Student,Bullfrog at Magnolia Circle: Student,3,1
3,2,Student,Bullfrog at Magnolia Circle: Student,4,1
3,2,Student,Bullfrog at Magnolia Circle: Student,5,1
3,2,Student,Bullfrog at Magnolia Circle: Student,6,1
3,2,Student,Bullfrog at Magnolia Circle: Student,7,1
3,2,Student,Bullfrog at Magnolia Circle: Student,8,1
3,2,Student,Bullfrog at Magnolia Circle: Student,9,1
3,2,Student,Bullfrog at Magnolia Circle: Student,10,1
3,2,Student,Bullfrog at Magnolia Circle: Student,11,1
3,2,Student,Bullfrog at Magnolia Circle: Student,12,1
3,2,Student,Bullfrog at Magnolia Circle: Student,13,1
3,2,Student,Bullfrog at Magnolia Circle: Student,14,1
3,2,Student,Bullfrog at Magnolia Circle: Student,15,1
3,2,Student,Bullfrog at Magnolia Circle: Student,16,1
3,2,Student,Bullfrog at Magnolia Circle: Student,17,1
3,2,Student,Bullfrog at Magnolia Circle: Student,18,1
3,2,Student,Bullfrog at Magnolia Circle: Student,19,1
3,2,Student,Bullfrog at Magnolia Circle: Student,20,1
3,2,Student,Bullfrog at Magnolia Circle: Student,21,1
3,2,Student,Bullfrog at Magnolia Circle: Student,22,1
3,2,Student,Bullfrog at Magnolia Circle: Student,23,1
3,2,Student,Bullfrog at Magnolia Circle: Student,24,1
3,2,Student,Bullfrog at Magnolia Circle: Student,25,1
3,2,Student,Bullfrog at Magnolia Circle: Student,26,1
3,2,Student,Bullfrog at Magnolia Circle: Student,27,1
3,2,Student,Bullfrog at Magnolia Circle: Student,28,1
3,2,Student,Bullfrog at Magnolia Circle: Student,29,1
3,2,Student,Bullfrog at Magnolia Circle: Student,30,1
3,2,Student,Bullfrog at Magnolia Circle: Student,31,1
3,2,Student,Bullfrog at Magnolia Circle: Student,32,1
3,2,Student,Bullfrog at Magnolia Circle: Student,33,1
3,2,Student,Bullfrog at Magnolia Circle: Student,34,1
3,2,Student,Bullfrog at Magnolia Circle: Student,35,1
3,2,Student,Bullfrog at Magnolia Circle: Student,36,1
3,2,Student,Bullfrog at Magnolia Circle: Student,37,1
3,2,Student,Bullfrog at Magnolia Circle: Student,38,1
3,2,Student,Bullfrog at Magnolia Circle: Student,39,1
3,2,Student,Bullfrog at Magnolia Circle: Student,40,1
3,2,Student,Bullfrog at Magnolia Circle: Student,41,1
3,2,Student,Bullfrog at Magnolia Circle: Student,42,1
3,2,Student,Bullfrog at Magnolia Circle: Student,43,1
3,2,Student,Bullfrog at Magnolia Circle: Student,44,1
3,2,Student,Bullfrog at Magnolia Circle: Student,45,1
3,3,Student,Peter Pan,1,1
3,3,Student,Peter Pan,2,1
3,3,Student,Peter Pan,3,1
3,3,Student,Peter Pan,4,1
3,3,Student,Peter Pan,5,1
3,3,Student,Peter Pan,6,1
3,3,Student,Peter Pan,7,1
3,3,Student,Peter Pan,8,1
3,3,Student,Peter Pan,9,1
3,3,Student,Peter Pan,10,1
3,3,Student,Peter Pan,11,1
3,3,Student,Peter Pan,12,1
3,3,Student,Peter Pan,13,1
3,3,Student,Peter Pan,14,1
3,3,Student,Peter Pan,15,1
3,3,Student,Peter Pan,16,1
3,3,Student,Peter Pan,17,1
3,3,Student,Peter Pan,18,1
3,3,Student,Peter Pan,19,1
3,3,Student,Peter Pan,20,1
3,3,Student,Peter Pan,21,1
3,3,Student,Peter Pan,22,1
3,3,Student,Peter Pan,23,1
3,3,Student,Peter Pan,24,1
3,3,Student,Peter Pan,25,1
3,3,Student,Peter Pan,26,1
3,3,Student,Peter Pan,27,1
3,3,Student,Peter Pan,28,1
3,3,Student,Peter Pan,29,1
3,3,Student,Peter Pan,30,1
3,3,Student,Peter Pan,31,1
3,3,Student,Peter Pan,32,1
3,3,Student,Peter Pan,33,1
3,3,Student,Peter Pan,34,1
3,3,Student,Peter Pan,35,1
3,3,Student,Peter Pan,36,1
3,3,Student,Peter Pan,37,1
3,3,Student,Peter Pan,38,1
3,3,Student,Peter Pan,39,1
3,3,Student,Peter Pan,40,1
3,3,Student,Peter Pan,41,1
3,3,Student,Peter Pan,42,1
3,3,Student,Peter Pan,43,1
3,3,Student,Peter Pan,44,1
3,3,Student,Peter Pan,45,1
3,4,Student,One Well,1,1
3,4,Student,One Well,2,1
3,4,Student,One Well,3,1
3,4,Student,One Well,4,1
3,4,Student,One Well,5,1
3,4,Student,One Well,6,1
3,4,Student,One Well,7,1
3,4,Student,One Well,8,1
3,4,Student,One Well,9,1
3,4,Student,One Well,10,1
3,4,Student,One Well,11,1
3,4,Student,One Well,12,1
3,4,Student,One Well,13,1
3,4,Student,One Well,14,1
3,4,Student,One Well,15,1
3,4,Student,One Well,16,1
3,4,Student,One Well,17,1
3,4,Student,One Well,18,1
3,4,Student,One Well,19,1
3,4,Student,One Well,20,1
3,4,Student,One Well,21,1
3,4,Student,One Well,22,1
3,4,Student,One Well,23,1
3,4,Student,One Well,24,1
3,4,Student,One Well,25,1
3,4,Student,One Well,26,1
3,4,Student,One Well,27,1
3,4,Student,One Well,28,1
3,4,Student,One Well,29,1
3,4,Student,One Well,30,1
3,4,Student,One Well,31,1
3,4,Student,One Well,32,1
3,4,Student,One Well,33,1
3,4,Student,One Well,34,1
3,4,Student,One Well,35,1
3,4,Student,One Well,36,1
3,4,Student,One Well,37,1
3,4,Student,One Well,38,1
3,4,Student,One Well,39,1
3,4,Student,One Well,40,1
3,4,Student,One Well,41,1
3,4,Student,One Well,42,1
3,4,Student,One Well,43,1
3,4,Student,One Well,44,1
3,4,Student,One Well,45,1
4,1,Teacher,#NAME?,1,1
4,1,Teacher,#NAME?,2,1
4,2,Teacher,"Venom, Can you Survive the Wilderness, Animal Behavior",1,1
4,2,Teacher,"Venom, Can you Survive the Wilderness, Animal Behavior",2,1
4,3,Teacher,"Reading Expeditions Fiction, Colonial Voices",1,1
4,3,Teacher,"Reading Expeditions Fiction, Colonial Voices",2,1
4,4,Teacher,The Hope Chest,1,1
4,4,Teacher,The Hope Chest,2,1
4,1,Student,Love that Dog,1,1
4,1,Student,Love that Dog,2,1
4,1,Student,Love that Dog,3,1
4,1,Student,Love that Dog,4,1
4,1,Student,Love that Dog,5,1
4,1,Student,Love that Dog,6,1
4,1,Student,Love that Dog,7,1
4,1,Student,Love that Dog,8,1
4,1,Student,Love that Dog,9,1
4,1,Student,Love that Dog,10,1
4,1,Student,Love that Dog,11,1
4,1,Student,Love that Dog,12,1
4,1,Student,Love that Dog,13,1
4,1,Student,Love that Dog,14,1
4,1,Student,Love that Dog,15,1
4,1,Student,Love that Dog,16,1
4,1,Student,Love that Dog,17,1
4,1,Student,Love that Dog,18,1
4,1,Student,Love that Dog,19,1
4,1,Student,Love that Dog,20,1
4,1,Student,Love that Dog,21,1
4,1,Student,Love that Dog,22,1
4,1,Student,Love that Dog,23,1
4,1,Student,Love that Dog,24,1
4,1,Student,Love that Dog,25,1
4,1,Student,Love that Dog,26,1
4,1,Student,Love that Dog,27,1
4,1,Student,Love that Dog,28,1
4,1,Student,Love that Dog,29,1
4,1,Student,Love that Dog,30,1
4,2,Student,Animal Behaviors,1,1
4,2,Student,Animal Behaviors,2,1
4,2,Student,Animal Behaviors,3,1
4,2,Student,Animal Behaviors,4,1
4,2,Student,Animal Behaviors,5,1
4,2,Student,Animal Behaviors,6,1
4,2,Student,Animal Behaviors,7,1
4,2,Student,Animal Behaviors,8,1
4,2,Student,Animal Behaviors,9,1
4,2,Student,Animal Behaviors,10,1
4,2,Student,Animal Behaviors,11,1
4,2,Student,Animal Behaviors,12,1
4,2,Student,Animal Behaviors,13,1
4,2,Student,Animal Behaviors,14,1
4,2,Student,Animal Behaviors,15,1
4,2,Student,Animal Behaviors,16,1
4,2,Student,Animal Behaviors,17,1
4,2,Student,Animal Behaviors,18,1
4,2,Student,Animal Behaviors,19,1
4,2,Student,Animal Behaviors,20,1
4,2,Student,Animal Behaviors,21,1
4,2,Student,Animal Behaviors,22,1
4,2,Student,Animal Behaviors,23,1
4,2,Student,Animal Behaviors,24,1
4,2,Student,Animal Behaviors,25,1
4,2,Student,Animal Behaviors,26,1
4,2,Student,Animal Behaviors,27,1
4,2,Student,Animal Behaviors,28,1
4,2,Student,Animal Behaviors,29,1
4,2,Student,Animal Behaviors,30,1
4,3,Student,Divided Loyalties,1,1
4,3,Student,Divided Loyalties,2,1
4,3,Student,Divided Loyalties,3,1
4,3,Student,Divided Loyalties,4,1
4,3,Student,Divided Loyalties,5,1
4,3,Student,Divided Loyalties,6,1
4,3,Student,Divided Loyalties,7,1
4,3,Student,Divided Loyalties,8,1
4,3,Student,Divided Loyalties,9,1
4,3,Student,Divided Loyalties,10,1
4,3,Student,Divided Loyalties,11,1
4,3,Student,Divided Loyalties,12,1
4,3,Student,Divided Loyalties,13,1
4,3,Student,Divided Loyalties,14,1
4,3,Student,Divided Loyalties,15,1
4,3,Student,Divided Loyalties,16,1
4,3,Student,Divided Loyalties,17,1
4,3,Student,Divided Loyalties,18,1
4,3,Student,Divided Loyalties,19,1
4,3,Student,Divided Loyalties,20,1
4,3,Student,Divided Loyalties,21,1
4,3,Student,Divided Loyalties,22,1
4,3,Student,Divided Loyalties,23,1
4,3,Student,Divided Loyalties,24,1
4,3,Student,Divided Loyalties,25,1
4,3,Student,Divided Loyalties,26,1
4,3,Student,Divided Loyalties,27,1
4,3,Student,Divided Loyalties,28,1
4,3,Student,Divided Loyalties,29,1
4,3,Student,Divided Loyalties,30,1
4,3,Student,Divided Loyalties,31,1
4,3,Student,Divided Loyalties,32,1
4,3,Student,Divided Loyalties,33,1
4,3,Student,Divided Loyalties,34,1
4,3,Student,Divided Loyalties,35,1
4,3,Student,Divided Loyalties,36,1
4,3,Student,Divided Loyalties,37,1
4,4,Student,The Hope Chest,1,1
4,4,Student,The Hope Chest,2,1
4,4,Student,The Hope Chest,3,1
4,4,Student,The Hope Chest,4,1
4,4,Student,The Hope Chest,5,1
4,4,Student,The Hope Chest,6,1
4,4,Student,The Hope Chest,7,1
4,4,Student,The Hope Chest,8,1
4,4,Student,The Hope Chest,9,1
4,4,Student,The Hope Chest,10,1
4,4,Student,The Hope Chest,11,1
4,4,Student,The Hope Chest,12,1
4,4,Student,The Hope Chest,13,1
4,4,Student,The Hope Chest,14,1
4,4,Student,The Hope Chest,15,1
4,4,Student,The Hope Chest,16,1
4,4,Student,The Hope Chest,17,1
4,4,Student,The Hope Chest,18,1
4,4,Student,The Hope Chest,19,1
4,4,Student,The Hope Chest,20,1
4,4,Student,The Hope Chest,21,1
4,4,Student,The Hope Chest,22,1
4,4,Student,The Hope Chest,23,1
4,4,Student,The Hope Chest,24,1
4,4,Student,The Hope Chest,25,1
4,4,Student,The Hope Chest,26,1
4,4,Student,The Hope Chest,27,1
4,4,Student,The Hope Chest,28,1
4,4,Student,The Hope Chest,29,1
4,4,Student,The Hope Chest,30,1
4,4,Student,The Hope Chest,31,1
4,4,Student,The Hope Chest,32,1
4,4,Student,The Hope Chest,33,1
4,4,Student,The Hope Chest,34,1
4,4,Student,The Hope Chest,35,1
4,4,Student,The Hope Chest,36,1
4,4,Student,The Hope Chest,37,1
4,4,Student,The Hope Chest,38,1
4,4,Student,The Hope Chest,39,1
4,4,Student,The Hope Chest,40,1
4,4,Student,The Hope Chest,41,1
4,4,Student,The Hope Chest,42,1
4,4,Student,The Hope Chest,43,1
4,4,Student,The Hope Chest,44,1
4,4,Student,The Hope Chest,45,1
4,4,Student,The Hope Chest,46,1
4,4,Student,The Hope Chest,47,1
4,4,Student,The Hope Chest,48,1
4,4,Student,The Hope Chest,49,1
4,4,Student,The Hope Chest,50,1
4,4,Student,The Hope Chest,51,1
4,4,Student,The Hope Chest,52,1
4,4,Student,The Hope Chest,53,1
4,4,Student,The Hope Chest,54,1
4,4,Student,The Hope Chest,55,1
4,4,Student,The Hope Chest,56,1
4,4,Student,The Hope Chest,57,1
4,4,Student,The Hope Chest,58,1
4,4,Student,The Hope Chest,59,1
4,4,Student,The Hope Chest,60,1
4,4,Student,The Hope Chest,61,1
5,1,Teacher,"Life like Mine, Esperanza Rising",1,1
5,1,Teacher,"Life like Mine, Esperanza Rising",2,1
5,2,Teacher,"Seeds of Change, The Great Kapok Tree, Most Beautiful Roof int the World",1,1
5,2,Teacher,"Seeds of Change, The Great Kapok Tree, Most Beautiful Roof int the World",2,1
5,3,Teacher,Promises to Keep,1,1
5,3,Teacher,Promises to Keep,2,1
5,4,Teacher,Eight Days,1,1
5,4,Teacher,Eight Days,2,1
5,1,Student,Esperanza Rising,1,1
5,1,Student,Esperanza Rising,2,1
5,1,Student,Esperanza Rising,3,1
5,1,Student,Esperanza Rising,4,1
5,1,Student,Esperanza Rising,5,1
5,1,Student,Esperanza Rising,6,1
5,1,Student,Esperanza Rising,7,1
5,1,Student,Esperanza Rising,8,1
5,1,Student,Esperanza Rising,9,1
5,1,Student,Esperanza Rising,10,1
5,1,Student,Esperanza Rising,11,1
5,1,Student,Esperanza Rising,12,1
5,1,Student,Esperanza Rising,13,1
5,1,Student,Esperanza Rising,14,1
5,1,Student,Esperanza Rising,15,1
5,1,Student,Esperanza Rising,16,1
5,1,Student,Esperanza Rising,17,1
5,1,Student,Esperanza Rising,18,1
5,1,Student,Esperanza Rising,19,1
5,1,Student,Esperanza Rising,20,1
5,1,Student,Esperanza Rising,21,1
5,1,Student,Esperanza Rising,22,1
5,1,Student,Esperanza Rising,23,1
5,1,Student,Esperanza Rising,24,1
5,1,Student,Esperanza Rising,25,1
5,1,Student,Esperanza Rising,26,1
5,1,Student,Esperanza Rising,27,1
5,1,Student,Esperanza Rising,28,1
5,1,Student,Esperanza Rising,29,1
5,1,Student,Esperanza Rising,30,1
5,1,Student,Esperanza Rising,31,1
5,1,Student,Esperanza Rising,32,1
5,1,Student,Esperanza Rising,33,1
5,1,Student,Esperanza Rising,34,1
5,1,Student,Esperanza Rising,35,1
5,1,Student,Esperanza Rising,36,1
5,1,Student,Esperanza Rising,37,1
5,1,Student,Esperanza Rising,38,1
5,1,Student,Esperanza Rising,39,1
5,1,Student,Esperanza Rising,40,1
5,1,Student,Esperanza Rising,41,1
5,1,Student,Esperanza Rising,42,1
5,1,Student,Esperanza Rising,43,1
5,1,Student,Esperanza Rising,44,1
5,1,Student,Esperanza Rising,45,1
5,1,Student,Esperanza Rising,46,1
5,1,Student,Esperanza Rising,47,1
5,1,Student,Esperanza Rising,48,1
5,1,Student,Esperanza Rising,49,1
5,1,Student,Esperanza Rising,50,1
5,1,Student,Esperanza Rising,51,1
5,1,Student,Esperanza Rising,52,1
5,1,Student,Esperanza Rising,53,1
5,1,Student,Esperanza Rising,54,1
5,1,Student,Esperanza Rising,55,1
5,2,Student,Most Beautiful Roof in the World,1,1
5,2,Student,Most Beautiful Roof in the World,2,1
5,2,Student,Most Beautiful Roof in the World,3,1
5,2,Student,Most Beautiful Roof in the World,4,1
5,2,Student,Most Beautiful Roof in the World,5,1
5,2,Student,Most Beautiful Roof in the World,6,1
5,2,Student,Most Beautiful Roof in the World,7,1
5,2,Student,Most Beautiful Roof in the World,8,1
5,2,Student,Most Beautiful Roof in the World,9,1
5,2,Student,Most Beautiful Roof in the World,10,1
5,2,Student,Most Beautiful Roof in the World,11,1
5,2,Student,Most Beautiful Roof in the World,12,1
5,2,Student,Most Beautiful Roof in the World,13,1
5,2,Student,Most Beautiful Roof in the World,14,1
5,2,Student,Most Beautiful Roof in the World,15,1
5,2,Student,Most Beautiful Roof in the World,16,1
5,2,Student,Most Beautiful Roof in the World,17,1
5,2,Student,Most Beautiful Roof in the World,18,1
5,2,Student,Most Beautiful Roof in the World,19,1
5,2,Student,Most Beautiful Roof in the World,20,1
5,2,Student,Most Beautiful Roof in the World,21,1
5,2,Student,Most Beautiful Roof in the World,22,1
5,2,Student,Most Beautiful Roof in the World,23,1
5,2,Student,Most Beautiful Roof in the World,24,1
5,2,Student,Most Beautiful Roof in the World,25,1
5,2,Student,Most Beautiful Roof in the World,26,1
5,2,Student,Most Beautiful Roof in the World,27,1
5,2,Student,Most Beautiful Roof in the World,28,1
5,2,Student,Most Beautiful Roof in the World,29,1
5,2,Student,Most Beautiful Roof in the World,30,1
5,2,Student,Most Beautiful Roof in the World,31,1
5,2,Student,Most Beautiful Roof in the World,32,1
5,2,Student,Most Beautiful Roof in the World,33,1
5,2,Student,Most Beautiful Roof in the World,34,1
5,2,Student,Most Beautiful Roof in the World,35,1
5,2,Student,Most Beautiful Roof in the World,36,1
5,2,Student,Most Beautiful Roof in the World,37,1
5,2,Student,Most Beautiful Roof in the World,38,1
5,2,Student,Most Beautiful Roof in the World,39,1
5,2,Student,Most Beautiful Roof in the World,40,1
5,2,Student,Most Beautiful Roof in the World,41,1
5,2,Student,Most Beautiful Roof in the World,42,1
5,2,Student,Most Beautiful Roof in the World,43,1
5,2,Student,Most Beautiful Roof in the World,44,1
5,2,Student,Most Beautiful Roof in the World,45,1
5,2,Student,Most Beautiful Roof in the World,46,1
5,2,Student,Most Beautiful Roof in the World,47,1
5,2,Student,Most Beautiful Roof in the World,48,1
5,2,Student,Most Beautiful Roof in the World,49,1
5,2,Student,Most Beautiful Roof in the World,50,1
5,2,Student,Most Beautiful Roof in the World,51,1
5,2,Student,Most Beautiful Roof in the World,52,1
5,2,Student,Most Beautiful Roof in the World,53,1
5,2,Student,Most Beautiful Roof in the World,54,1
5,3,Student,Promises to Keep,1,1
5,3,Student,Promises to Keep,2,1
5,3,Student,Promises to Keep,3,1
5,3,Student,Promises to Keep,4,1
5,3,Student,Promises to Keep,5,1
5,3,Student,Promises to Keep,6,1
5,3,Student,Promises to Keep,7,1
5,3,Student,Promises to Keep,8,1
5,3,Student,Promises to Keep,9,1
5,3,Student,Promises to Keep,10,1
5,3,Student,Promises to Keep,11,1
5,3,Student,Promises to Keep,12,1
5,3,Student,Promises to Keep,13,1
5,3,Student,Promises to Keep,14,1
5,3,Student,Promises to Keep,15,1
5,3,Student,Promises to Keep,16,1
5,3,Student,Promises to Keep,17,1
5,3,Student,Promises to Keep,18,1
5,3,Student,Promises to Keep,19,1
5,3,Student,Promises to Keep,20,1
5,3,Student,Promises to Keep,21,1
5,3,Student,Promises to Keep,22,1
5,3,Student,Promises to Keep,23,1
5,3,Student,Promises to Keep,24,1
5,3,Student,Promises to Keep,25,1
5,3,Student,Promises to Keep,26,1
5,3,Student,Promises to Keep,27,1
5,3,Student,Promises to Keep,28,1
5,3,Student,Promises to Keep,29,1
5,3,Student,Promises to Keep,30,1
5,3,Student,Promises to Keep,31,1
5,3,Student,Promises to Keep,32,1
5,3,Student,Promises to Keep,33,1
5,3,Student,Promises to Keep,34,1
5,3,Student,Promises to Keep,35,1
5,3,Student,Promises to Keep,36,1
5,3,Student,Promises to Keep,37,1
5,3,Student,Promises to Keep,38,1
5,3,Student,Promises to Keep,39,1
5,3,Student,Promises to Keep,40,1
5,3,Student,Promises to Keep,41,1
5,3,Student,Promises to Keep,42,1
5,3,Student,Promises to Keep,43,1
5,3,Student,Promises to Keep,44,1
5,3,Student,Promises to Keep,45,1
5,3,Student,Promises to Keep,46,1
5,3,Student,Promises to Keep,47,1
5,3,Student,Promises to Keep,48,1
5,3,Student,Promises to Keep,49,1
5,3,Student,Promises to Keep,50,1
5,3,Student,Promises to Keep,51,1
5,3,Student,Promises to Keep,52,1
5,3,Student,Promises to Keep,53,1
5,3,Student,Promises to Keep,54,1
5,3,Student,Promises to Keep,55,1
5,4,Student,Esperanza Rising,1,1
5,4,Student,Esperanza Rising,2,1
5,4,Student,Esperanza Rising,3,1
5,4,Student,Esperanza Rising,4,1
5,4,Student,Esperanza Rising,5,1
5,4,Student,Esperanza Rising,6,1
5,4,Student,Esperanza Rising,7,1
5,4,Student,Esperanza Rising,8,1
5,4,Student,Esperanza Rising,9,1
5,4,Student,Esperanza Rising,10,1
5,4,Student,Esperanza Rising,11,1
5,4,Student,Esperanza Rising,12,1
5,4,Student,Esperanza Rising,13,1
5,4,Student,Esperanza Rising,14,1
5,4,Student,Esperanza Rising,15,1
5,4,Student,Esperanza Rising,16,1
5,4,Student,Esperanza Rising,17,1
5,4,Student,Esperanza Rising,18,1
5,4,Student,Esperanza Rising,19,1
5,4,Student,Esperanza Rising,20,1
5,4,Student,Esperanza Rising,21,1
5,4,Student,Esperanza Rising,22,1
5,4,Student,Esperanza Rising,23,1
5,4,Student,Esperanza Rising,24,1
5,4,Student,Esperanza Rising,25,1
5,4,Student,Esperanza Rising,26,1
5,4,Student,Esperanza Rising,27,1
5,4,Student,Esperanza Rising,28,1
5,4,Student,Esperanza Rising,29,1
5,4,Student,Esperanza Rising,30,1
5,4,Student,Esperanza Rising,31,1
5,4,Student,Esperanza Rising,32,1
5,4,Student,Esperanza Rising,33,1
5,4,Student,Esperanza Rising,34,1
5,4,Student,Esperanza Rising,35,1
5,4,Student,Esperanza Rising,36,1
5,4,Student,Esperanza Rising,37,1
5,4,Student,Esperanza Rising,38,1
5,4,Student,Esperanza Rising,39,1
5,4,Student,Esperanza Rising,40,1
5,4,Student,Esperanza Rising,41,1
5,4,Student,Esperanza Rising,42,1
5,4,Student,Esperanza Rising,43,1
5,4,Student,Esperanza Rising,44,1
5,4,Student,Esperanza Rising,45,1
5,4,Student,Esperanza Rising,46,1
5,4,Student,Esperanza Rising,47,1
5,4,Student,Esperanza Rising,48,1
5,4,Student,Esperanza Rising,49,1
5,4,Student,Esperanza Rising,50,1
5,4,Student,Esperanza Rising,51,1
5,4,Student,Esperanza Rising,52,1
5,4,Student,Esperanza Rising,53,1
5,4,Student,Esperanza Rising,54,1
5,4,Student,Esperanza Rising,55,1